filename,label
frame_000000.PNG,Sandwiches
frame_000001.PNG,Sandwiches
frame_000002.PNG,Sandwiches
frame_000003.PNG,Sandwiches
frame_000004.PNG,Sandwiches
frame_000005.PNG,Sandwiches
frame_000006.PNG,Sandwiches
frame_000007.PNG,Sandwiches
frame_000008.PNG,Sandwiches
frame_000009.PNG,Sandwiches
frame_000010.PNG,Sandwiches
frame_000011.PNG,Sandwiches
frame_000012.PNG,Sandwiches
frame_000013.PNG,Sandwiches
frame_000014.PNG,Sandwiches
frame_000015.PNG,Sandwiches
frame_000016.PNG,Sandwiches
frame_000017.PNG,Sandwiches
frame_000018.PNG,Sandwiches
frame_000019.PNG,Sandwiches
frame_000020.PNG,Sandwiches
frame_000021.PNG,Sandwiches
frame_000022.PNG,Sandwiches
frame_000023.PNG,Sandwiches
frame_000024.PNG,Sandwiches
frame_000025.PNG,Sandwiches
frame_000026.PNG,Sandwiches
frame_000027.PNG,Sandwiches
frame_000028.PNG,Sandwiches
frame_000029.PNG,Sandwiches
frame_000030.PNG,Sandwiches
frame_000031.PNG,Sandwiches
frame_000032.PNG,Sandwiches
frame_000033.PNG,Sandwiches
frame_000034.PNG,Sandwiches
frame_000035.PNG,Sandwiches
frame_000036.PNG,Sandwiches
frame_000037.PNG,Sandwiches
frame_000038.PNG,Sandwiches
frame_000039.PNG,Sandwiches
frame_000040.PNG,Sandwiches
frame_000041.PNG,Sandwiches
frame_000042.PNG,Sandwiches
frame_000043.PNG,Sandwiches
frame_000044.PNG,Sandwiches
frame_000045.PNG,Sandwiches
frame_000046.PNG,Sandwiches
frame_000047.PNG,Sandwiches
frame_000048.PNG,Sandwiches
frame_000049.PNG,Sandwiches
frame_000050.PNG,Sandwiches
frame_000051.PNG,Sandwiches
frame_000052.PNG,Sandwiches
frame_000053.PNG,Sandwiches
frame_000054.PNG,Sandwiches
frame_000055.PNG,Sandwiches
frame_000056.PNG,Sandwiches
frame_000057.PNG,Sandwiches
frame_000058.PNG,Sandwiches
frame_000059.PNG,Sandwiches
frame_000060.PNG,Sandwiches
frame_000061.PNG,Sandwiches
frame_000062.PNG,Sandwiches
frame_000063.PNG,Sandwiches
frame_000064.PNG,Sandwiches
frame_000065.PNG,Sandwiches
frame_000066.PNG,Sandwiches
frame_000067.PNG,Sandwiches
frame_000068.PNG,Sandwiches
frame_000069.PNG,Sandwiches
frame_000070.PNG,Sandwiches
frame_000071.PNG,Sandwiches
frame_000072.PNG,Sandwiches
frame_000073.PNG,Sandwiches
frame_000074.PNG,Sandwiches
frame_000075.PNG,unlabeled
frame_000076.PNG,unlabeled
frame_000077.PNG,unlabeled
frame_000078.PNG,Sandwiches
frame_000079.PNG,Sandwiches
frame_000080.PNG,Sandwiches
frame_000081.PNG,Sandwiches
frame_000082.PNG,Sandwiches
frame_000083.PNG,Sandwiches
frame_000084.PNG,Sandwiches
frame_000085.PNG,Sandwiches
frame_000086.PNG,Sandwiches
frame_000087.PNG,Sandwiches
frame_000088.PNG,Sandwiches
frame_000089.PNG,Sandwiches
frame_000090.PNG,Sandwiches
frame_000091.PNG,Sandwiches
frame_000092.PNG,Sandwiches
frame_000093.PNG,Sandwiches
frame_000094.PNG,Sandwiches
frame_000095.PNG,Sandwiches
frame_000096.PNG,Sandwiches
frame_000097.PNG,Sandwiches
frame_000098.PNG,Sandwiches
frame_000099.PNG,Sandwiches
frame_000100.PNG,Sandwiches
frame_000101.PNG,Sandwiches
frame_000102.PNG,Sandwiches
frame_000103.PNG,Sandwiches
frame_000104.PNG,Sandwiches
frame_000105.PNG,Sandwiches
frame_000106.PNG,Sandwiches
frame_000107.PNG,Sandwiches
frame_000108.PNG,Sandwiches
frame_000109.PNG,Sandwiches
frame_000110.PNG,Sandwiches
frame_000111.PNG,Sandwiches
frame_000112.PNG,Sandwiches
frame_000113.PNG,Sandwiches
frame_000114.PNG,Sandwiches
frame_000115.PNG,Sandwiches
frame_000116.PNG,Sandwiches
frame_000117.PNG,Sandwiches
frame_000118.PNG,Sandwiches
frame_000119.PNG,Sandwiches
frame_000120.PNG,Sandwiches
frame_000121.PNG,Sandwiches
frame_000122.PNG,Sandwiches
frame_000123.PNG,Sandwiches
frame_000124.PNG,Sandwiches
frame_000125.PNG,Sandwiches
frame_000126.PNG,Sandwiches
frame_000127.PNG,Sandwiches
frame_000128.PNG,Sandwiches
frame_000129.PNG,Sandwiches
frame_000130.PNG,Sandwiches
frame_000131.PNG,Sandwiches
frame_000132.PNG,Sandwiches
frame_000133.PNG,Sandwiches
frame_000134.PNG,Sandwiches
frame_000135.PNG,Sandwiches
frame_000136.PNG,Sandwiches
frame_000137.PNG,Sandwiches
frame_000138.PNG,Sandwiches
frame_000139.PNG,Sandwiches
frame_000140.PNG,Sandwiches
frame_000141.PNG,Sandwiches
frame_000142.PNG,Sandwiches
frame_000143.PNG,Sandwiches
frame_000144.PNG,Sandwiches
frame_000145.PNG,Sandwiches
frame_000146.PNG,Sandwiches
frame_000147.PNG,Sandwiches
frame_000148.PNG,Sandwiches
frame_000149.PNG,Sandwiches
frame_000150.PNG,Sandwiches
frame_000151.PNG,Sandwiches
frame_000152.PNG,Sandwiches
frame_000153.PNG,Sandwiches
frame_000154.PNG,Sandwiches
frame_000155.PNG,Sandwiches
frame_000156.PNG,Sandwiches
frame_000157.PNG,Sandwiches
frame_000158.PNG,Sandwiches
frame_000159.PNG,Sandwiches
frame_000160.PNG,Sandwiches
frame_000161.PNG,Sandwiches
frame_000162.PNG,Sandwiches
frame_000163.PNG,Sandwiches
frame_000164.PNG,Sandwiches
frame_000165.PNG,Sandwiches
frame_000166.PNG,Sandwiches
frame_000167.PNG,Sandwiches
frame_000168.PNG,Sandwiches
frame_000169.PNG,Sandwiches
frame_000170.PNG,Sandwiches
frame_000171.PNG,Sandwiches
frame_000172.PNG,Sandwiches
frame_000173.PNG,Sandwiches
frame_000174.PNG,Sandwiches
frame_000175.PNG,Sandwiches
frame_000176.PNG,Sandwiches
frame_000177.PNG,Sandwiches
frame_000178.PNG,Sandwiches
frame_000179.PNG,Sandwiches
frame_000180.PNG,Sandwiches
frame_000181.PNG,Sandwiches
frame_000182.PNG,Sandwiches
frame_000183.PNG,Sandwiches
frame_000184.PNG,Sandwiches
frame_000185.PNG,Sandwiches
frame_000186.PNG,Sandwiches
frame_000187.PNG,Sandwiches
frame_000188.PNG,Sandwiches
frame_000189.PNG,Sandwiches
frame_000190.PNG,Sandwiches
frame_000191.PNG,Sandwiches
frame_000192.PNG,Sandwiches
frame_000193.PNG,Sandwiches
frame_000194.PNG,Sandwiches
frame_000195.PNG,Sandwiches
frame_000196.PNG,Sandwiches
frame_000197.PNG,Sandwiches
frame_000198.PNG,Sandwiches
frame_000199.PNG,Sandwiches
frame_000200.PNG,Sandwiches
frame_000201.PNG,Sandwiches
frame_000202.PNG,Sandwiches
frame_000203.PNG,Sandwiches
frame_000204.PNG,Sandwiches
frame_000205.PNG,Sandwiches
frame_000206.PNG,Sandwiches
frame_000207.PNG,Sandwiches
frame_000208.PNG,Sandwiches
frame_000209.PNG,Sandwiches
frame_000210.PNG,Sandwiches
frame_000211.PNG,Sandwiches
frame_000212.PNG,Sandwiches
frame_000213.PNG,Sandwiches
frame_000214.PNG,Sandwiches
frame_000215.PNG,Sandwiches
frame_000216.PNG,Sandwiches
frame_000217.PNG,Sandwiches
frame_000218.PNG,Sandwiches
frame_000219.PNG,Sandwiches
frame_000220.PNG,Sandwiches
frame_000221.PNG,Sandwiches
frame_000222.PNG,Sandwiches
frame_000223.PNG,Sandwiches
frame_000224.PNG,Sandwiches
frame_000225.PNG,Sandwiches
frame_000226.PNG,Sandwiches
frame_000227.PNG,Sandwiches
frame_000228.PNG,Sandwiches
frame_000229.PNG,Sandwiches
frame_000230.PNG,Sandwiches
frame_000231.PNG,Sandwiches
frame_000232.PNG,Sandwiches
frame_000233.PNG,Sandwiches
frame_000234.PNG,Sandwiches
frame_000235.PNG,Sandwiches
frame_000236.PNG,Sandwiches
frame_000237.PNG,Sandwiches
frame_000238.PNG,Sandwiches
frame_000239.PNG,Sandwiches
frame_000240.PNG,Sandwiches
frame_000241.PNG,Sandwiches
frame_000242.PNG,Sandwiches
frame_000243.PNG,Sandwiches
frame_000244.PNG,Sandwiches
frame_000245.PNG,Sandwiches
frame_000246.PNG,Sandwiches
frame_000247.PNG,Sandwiches
frame_000248.PNG,Sandwiches
frame_000249.PNG,Sandwiches
frame_000250.PNG,Sandwiches
frame_000251.PNG,Sandwiches
frame_000252.PNG,Sandwiches
frame_000253.PNG,Sandwiches
frame_000254.PNG,Sandwiches
frame_000255.PNG,Sandwiches
frame_000256.PNG,Sandwiches
frame_000257.PNG,Sandwiches
frame_000258.PNG,Sandwiches
frame_000259.PNG,Sandwiches
frame_000260.PNG,Sandwiches
frame_000261.PNG,Sandwiches
frame_000262.PNG,Sandwiches
frame_000263.PNG,Sandwiches
frame_000264.PNG,Sandwiches
frame_000265.PNG,Sandwiches
frame_000266.PNG,Sandwiches
frame_000267.PNG,Sandwiches
frame_000268.PNG,Sandwiches
frame_000269.PNG,Sandwiches
frame_000270.PNG,Sandwiches
frame_000271.PNG,Sandwiches
frame_000272.PNG,Sandwiches
frame_000273.PNG,Sandwiches
frame_000274.PNG,unlabeled
frame_000275.PNG,Sandwiches
frame_000276.PNG,Sandwiches
frame_000277.PNG,unlabeled
frame_000278.PNG,Sandwiches
frame_000279.PNG,Sandwiches
frame_000280.PNG,Sandwiches
frame_000281.PNG,Sandwiches
frame_000282.PNG,Sandwiches
frame_000283.PNG,Sandwiches
frame_000284.PNG,Sandwiches
frame_000285.PNG,Sandwiches
frame_000286.PNG,Sandwiches
frame_000287.PNG,Sandwiches
frame_000288.PNG,Sandwiches
frame_000289.PNG,Sandwiches
frame_000290.PNG,Sandwiches
frame_000291.PNG,Sandwiches
frame_000292.PNG,Sandwiches
frame_000293.PNG,Sandwiches
frame_000294.PNG,Sandwiches
frame_000295.PNG,Sandwiches
frame_000296.PNG,Sandwiches
frame_000297.PNG,Sandwiches
frame_000298.PNG,Sandwiches
frame_000299.PNG,Sandwiches
frame_000300.PNG,Sandwiches
frame_000301.PNG,Sandwiches
frame_000302.PNG,Sandwiches
frame_000303.PNG,Sandwiches
frame_000304.PNG,Sandwiches
frame_000305.PNG,Sandwiches
frame_000306.PNG,Sandwiches
frame_000307.PNG,Sandwiches
frame_000308.PNG,Sandwiches
frame_000309.PNG,Sandwiches
frame_000310.PNG,Sandwiches
frame_000311.PNG,Sandwiches
frame_000312.PNG,Sandwiches
frame_000313.PNG,Sandwiches
frame_000314.PNG,Sandwiches
frame_000315.PNG,Sandwiches
frame_000316.PNG,Sandwiches
frame_000317.PNG,Sandwiches
frame_000318.PNG,Sandwiches
frame_000319.PNG,Sandwiches
frame_000320.PNG,Sandwiches
frame_000321.PNG,Sandwiches
frame_000322.PNG,Sandwiches
frame_000323.PNG,Sandwiches
frame_000324.PNG,Sandwiches
frame_000325.PNG,Sandwiches
frame_000326.PNG,Sandwiches
frame_000327.PNG,Sandwiches
frame_000328.PNG,Sandwiches
frame_000329.PNG,Sandwiches
frame_000330.PNG,Sandwiches
frame_000331.PNG,Sandwiches
frame_000332.PNG,Sandwiches
frame_000333.PNG,Sandwiches
frame_000334.PNG,Sandwiches
frame_000335.PNG,Sandwiches
frame_000336.PNG,Sandwiches
frame_000337.PNG,Sandwiches
frame_000338.PNG,Sandwiches
frame_000339.PNG,Sandwiches
frame_000340.PNG,Sandwiches
frame_000341.PNG,Sandwiches
frame_000342.PNG,Sandwiches
frame_000343.PNG,Sandwiches
frame_000344.PNG,Sandwiches
frame_000345.PNG,Sandwiches
frame_000346.PNG,Sandwiches
frame_000347.PNG,Sandwiches
frame_000348.PNG,Sandwiches
frame_000349.PNG,Sandwiches
frame_000350.PNG,Sandwiches
frame_000351.PNG,Sandwiches
frame_000352.PNG,Sandwiches
frame_000353.PNG,Sandwiches
frame_000354.PNG,Sandwiches
frame_000355.PNG,Sandwiches
frame_000356.PNG,Sandwiches
frame_000357.PNG,Sandwiches
frame_000358.PNG,Sandwiches
frame_000359.PNG,Sandwiches
frame_000360.PNG,Sandwiches
frame_000361.PNG,Sandwiches
frame_000362.PNG,Sandwiches
frame_000363.PNG,Sandwiches
frame_000364.PNG,Sandwiches
frame_000365.PNG,Sandwiches
frame_000366.PNG,Sandwiches
frame_000367.PNG,Sandwiches
frame_000368.PNG,Sandwiches
frame_000369.PNG,Sandwiches
frame_000370.PNG,Sandwiches
frame_000371.PNG,Sandwiches
frame_000372.PNG,Sandwiches
frame_000373.PNG,Sandwiches
frame_000374.PNG,Sandwiches
frame_000375.PNG,Sandwiches
frame_000376.PNG,Sandwiches
frame_000377.PNG,Sandwiches
frame_000378.PNG,Sandwiches
frame_000379.PNG,Sandwiches
frame_000380.PNG,Sandwiches
frame_000381.PNG,Sandwiches
frame_000382.PNG,Sandwiches
frame_000383.PNG,Sandwiches
frame_000384.PNG,Sandwiches
frame_000385.PNG,Sandwiches
frame_000386.PNG,Sandwiches
frame_000387.PNG,Sandwiches
frame_000388.PNG,Sandwiches
frame_000389.PNG,Sandwiches
frame_000390.PNG,Sandwiches
frame_000391.PNG,Sandwiches
frame_000392.PNG,Sandwiches
frame_000393.PNG,Sandwiches
frame_000394.PNG,Sandwiches
frame_000395.PNG,Sandwiches
frame_000396.PNG,Sandwiches
frame_000397.PNG,Sandwiches
frame_000398.PNG,Sandwiches
frame_000399.PNG,Sandwiches
frame_000400.PNG,Sandwiches
frame_000401.PNG,Sandwiches
frame_000402.PNG,Sandwiches
frame_000403.PNG,Sandwiches
frame_000404.PNG,Sandwiches
frame_000405.PNG,Sandwiches
frame_000406.PNG,Sandwiches
frame_000407.PNG,Sandwiches
frame_000408.PNG,Sandwiches
frame_000409.PNG,Sandwiches
frame_000410.PNG,Sandwiches
frame_000411.PNG,Sandwiches
frame_000412.PNG,Sandwiches
frame_000413.PNG,Sandwiches
frame_000414.PNG,Sandwiches
frame_000415.PNG,Sandwiches
frame_000416.PNG,Sandwiches
frame_000417.PNG,Sandwiches
frame_000418.PNG,Sandwiches
frame_000419.PNG,Sandwiches
frame_000420.PNG,Sandwiches
frame_000421.PNG,Sandwiches
frame_000422.PNG,Sandwiches
frame_000423.PNG,Sandwiches
frame_000424.PNG,Sandwiches
frame_000425.PNG,Sandwiches
frame_000426.PNG,Sandwiches
frame_000427.PNG,Sandwiches
frame_000428.PNG,Sandwiches
frame_000429.PNG,Sandwiches
frame_000430.PNG,Sandwiches
frame_000431.PNG,Sandwiches
frame_000432.PNG,Sandwiches
frame_000433.PNG,Sandwiches
frame_000434.PNG,Sandwiches
frame_000435.PNG,Sandwiches
frame_000436.PNG,Sandwiches
frame_000437.PNG,Sandwiches
frame_000438.PNG,Sandwiches
frame_000439.PNG,Sandwiches
frame_000440.PNG,Sandwiches
frame_000441.PNG,Sandwiches
frame_000442.PNG,Sandwiches
frame_000443.PNG,Sandwiches
frame_000444.PNG,Sandwiches
frame_000445.PNG,Sandwiches
frame_000446.PNG,Sandwiches
frame_000447.PNG,Sandwiches
frame_000448.PNG,Sandwiches
frame_000449.PNG,Sandwiches
frame_000450.PNG,Sandwiches
frame_000451.PNG,Sandwiches
frame_000452.PNG,Sandwiches
frame_000453.PNG,Sandwiches
frame_000454.PNG,Sandwiches
frame_000455.PNG,Sandwiches
frame_000456.PNG,Sandwiches
frame_000457.PNG,Sandwiches
frame_000458.PNG,Sandwiches
frame_000459.PNG,Sandwiches
frame_000460.PNG,Sandwiches
frame_000461.PNG,Sandwiches
frame_000462.PNG,Sandwiches
frame_000463.PNG,Sandwiches
frame_000464.PNG,Sandwiches
frame_000465.PNG,Sandwiches
frame_000466.PNG,Sandwiches
frame_000467.PNG,Sandwiches
frame_000468.PNG,Sandwiches
frame_000469.PNG,Sandwiches
frame_000470.PNG,Sandwiches
frame_000471.PNG,Sandwiches
frame_000472.PNG,Sandwiches
frame_000473.PNG,Sandwiches
frame_000474.PNG,Sandwiches
frame_000475.PNG,Sandwiches
frame_000476.PNG,Sandwiches
frame_000477.PNG,Sandwiches
frame_000478.PNG,Sandwiches
frame_000479.PNG,Sandwiches
frame_000480.PNG,Sandwiches
frame_000481.PNG,Sandwiches
frame_000482.PNG,Sandwiches
frame_000483.PNG,Sandwiches
frame_000484.PNG,Sandwiches
frame_000485.PNG,Sandwiches
frame_000486.PNG,Sandwiches
frame_000487.PNG,Sandwiches
frame_000488.PNG,unlabeled
frame_000489.PNG,Sandwiches
frame_000490.PNG,Sandwiches
frame_000491.PNG,Sandwiches
frame_000492.PNG,Sandwiches
frame_000493.PNG,Sandwiches
frame_000494.PNG,Sandwiches
frame_000495.PNG,Sandwiches
frame_000496.PNG,Sandwiches
frame_000497.PNG,Sandwiches
frame_000498.PNG,Sandwiches
frame_000499.PNG,Sandwiches
frame_000500.PNG,Sandwiches
frame_000501.PNG,Sandwiches
frame_000502.PNG,Sandwiches
frame_000503.PNG,Sandwiches
frame_000504.PNG,Sandwiches
frame_000505.PNG,Sandwiches
frame_000506.PNG,Sandwiches
frame_000507.PNG,Sandwiches
frame_000508.PNG,Sandwiches
frame_000509.PNG,Sandwiches
frame_000510.PNG,Sandwiches
frame_000511.PNG,Sandwiches
frame_000512.PNG,Sandwiches
frame_000513.PNG,Sandwiches
frame_000514.PNG,Sandwiches
frame_000515.PNG,Sandwiches
frame_000516.PNG,Sandwiches
frame_000517.PNG,Sandwiches
frame_000518.PNG,Sandwiches
frame_000519.PNG,Sandwiches
frame_000520.PNG,Sandwiches
frame_000521.PNG,Sandwiches
frame_000522.PNG,Sandwiches
frame_000523.PNG,Sandwiches
frame_000524.PNG,Sandwiches
frame_000525.PNG,Sandwiches
frame_000526.PNG,Sandwiches
frame_000527.PNG,Sandwiches
frame_000528.PNG,Sandwiches
frame_000529.PNG,Sandwiches
frame_000530.PNG,Sandwiches
frame_000531.PNG,Sandwiches
frame_000532.PNG,Sandwiches
frame_000533.PNG,Sandwiches
frame_000534.PNG,Sandwiches
frame_000535.PNG,Sandwiches
frame_000536.PNG,Sandwiches
frame_000537.PNG,Sandwiches
frame_000538.PNG,Sandwiches
frame_000539.PNG,Sandwiches
frame_000540.PNG,Sandwiches
frame_000541.PNG,Sandwiches
frame_000542.PNG,Sandwiches
frame_000543.PNG,Sandwiches
frame_000544.PNG,Sandwiches
frame_000545.PNG,Sandwiches
frame_000546.PNG,Sandwiches
frame_000547.PNG,Sandwiches
frame_000548.PNG,Sandwiches
frame_000549.PNG,Sandwiches
frame_000550.PNG,Sandwiches
frame_000551.PNG,Sandwiches
frame_000552.PNG,Sandwiches
frame_000553.PNG,Sandwiches
frame_000554.PNG,Sandwiches
frame_000555.PNG,Sandwiches
frame_000556.PNG,Sandwiches
frame_000557.PNG,Sandwiches
frame_000558.PNG,Sandwiches
frame_000559.PNG,Sandwiches
frame_000560.PNG,Sandwiches
frame_000561.PNG,Sandwiches
frame_000562.PNG,Sandwiches
frame_000563.PNG,Sandwiches
frame_000564.PNG,Sandwiches
frame_000565.PNG,Sandwiches
frame_000566.PNG,Sandwiches
frame_000567.PNG,Sandwiches
frame_000568.PNG,Sandwiches
frame_000569.PNG,Sandwiches
frame_000570.PNG,Sandwiches
frame_000571.PNG,Sandwiches
frame_000572.PNG,Sandwiches
frame_000573.PNG,Sandwiches
frame_000574.PNG,Sandwiches
frame_000575.PNG,Sandwiches
frame_000576.PNG,Sandwiches
frame_000577.PNG,Sandwiches
frame_000578.PNG,Sandwiches
frame_000579.PNG,Sandwiches
frame_000580.PNG,Sandwiches
frame_000581.PNG,Sandwiches
frame_000582.PNG,Sandwiches
frame_000583.PNG,Sandwiches
frame_000584.PNG,Sandwiches
frame_000585.PNG,Sandwiches
frame_000586.PNG,Sandwiches
frame_000587.PNG,Sandwiches
frame_000588.PNG,Sandwiches
frame_000589.PNG,Sandwiches
frame_000590.PNG,Sandwiches
frame_000591.PNG,Sandwiches
frame_000592.PNG,Sandwiches
frame_000593.PNG,Sandwiches
frame_000594.PNG,Sandwiches
frame_000595.PNG,Sandwiches
frame_000596.PNG,Sandwiches
frame_000597.PNG,Sandwiches
frame_000598.PNG,Sandwiches
frame_000599.PNG,Sandwiches
frame_000600.PNG,Sandwiches
frame_000601.PNG,Sandwiches
frame_000602.PNG,Sandwiches
frame_000603.PNG,Sandwiches
frame_000604.PNG,Sandwiches
frame_000605.PNG,Sandwiches
frame_000606.PNG,Sandwiches
frame_000607.PNG,Sandwiches
frame_000608.PNG,Sandwiches
frame_000609.PNG,Sandwiches
frame_000610.PNG,Sandwiches
frame_000611.PNG,Sandwiches
frame_000612.PNG,Sandwiches
frame_000613.PNG,Sandwiches
frame_000614.PNG,Sandwiches
frame_000615.PNG,Sandwiches
frame_000616.PNG,Sandwiches
frame_000617.PNG,Sandwiches
frame_000618.PNG,Sandwiches
frame_000619.PNG,Sandwiches
frame_000620.PNG,Sandwiches
frame_000621.PNG,Sandwiches
frame_000622.PNG,Sandwiches
frame_000623.PNG,Sandwiches
frame_000624.PNG,Sandwiches
frame_000625.PNG,Sandwiches
frame_000626.PNG,Sandwiches
frame_000627.PNG,Sandwiches
frame_000628.PNG,Sandwiches
frame_000629.PNG,Sandwiches
frame_000630.PNG,Sandwiches
frame_000631.PNG,Sandwiches
frame_000632.PNG,Sandwiches
frame_000633.PNG,Sandwiches
frame_000634.PNG,Sandwiches
frame_000635.PNG,Sandwiches
frame_000636.PNG,Sandwiches
frame_000637.PNG,Sandwiches
frame_000638.PNG,Sandwiches
frame_000639.PNG,Sandwiches
frame_000640.PNG,Sandwiches
frame_000641.PNG,Sandwiches
frame_000642.PNG,Sandwiches
frame_000643.PNG,Sandwiches
frame_000644.PNG,Sandwiches
frame_000645.PNG,Sandwiches
frame_000646.PNG,Sandwiches
frame_000647.PNG,Sandwiches
frame_000648.PNG,Sandwiches
frame_000649.PNG,Sandwiches
frame_000650.PNG,Sandwiches
frame_000651.PNG,Sandwiches
frame_000652.PNG,Sandwiches
frame_000653.PNG,Sandwiches
frame_000654.PNG,Sandwiches
frame_000655.PNG,Sandwiches
frame_000656.PNG,Sandwiches
frame_000657.PNG,Sandwiches
frame_000658.PNG,Sandwiches
frame_000659.PNG,Sandwiches
frame_000660.PNG,Sandwiches
frame_000661.PNG,Sandwiches
frame_000662.PNG,Sandwiches
frame_000663.PNG,Sandwiches
frame_000664.PNG,Sandwiches
frame_000665.PNG,Sandwiches
frame_000666.PNG,Sandwiches
frame_000667.PNG,Sandwiches
frame_000668.PNG,Sandwiches
frame_000669.PNG,Sandwiches
frame_000670.PNG,Sandwiches
frame_000671.PNG,Sandwiches
frame_000672.PNG,Sandwiches
frame_000673.PNG,Sandwiches
frame_000674.PNG,Sandwiches
frame_000675.PNG,Sandwiches
frame_000676.PNG,Sandwiches
frame_000677.PNG,Sandwiches
frame_000678.PNG,Sandwiches
frame_000679.PNG,Sandwiches
frame_000680.PNG,Sandwiches
frame_000681.PNG,Sandwiches
frame_000682.PNG,Sandwiches
frame_000683.PNG,Sandwiches
frame_000684.PNG,Sandwiches
frame_000685.PNG,Sandwiches
frame_000686.PNG,Sandwiches
frame_000687.PNG,Sandwiches
frame_000688.PNG,Sandwiches
frame_000689.PNG,Sandwiches
frame_000690.PNG,Sandwiches
frame_000691.PNG,Sandwiches
frame_000692.PNG,Sandwiches
frame_000693.PNG,Sandwiches
frame_000694.PNG,Sandwiches
frame_000695.PNG,Sandwiches
frame_000696.PNG,Sandwiches
frame_000697.PNG,Sandwiches
frame_000698.PNG,Sandwiches
frame_000699.PNG,Sandwiches
frame_000700.PNG,Sandwiches
frame_000701.PNG,Sandwiches
frame_000702.PNG,Sandwiches
frame_000703.PNG,Sandwiches
frame_000704.PNG,Sandwiches
frame_000705.PNG,Sandwiches
frame_000706.PNG,Sandwiches
frame_000707.PNG,Sandwiches
frame_000708.PNG,Sandwiches
frame_000709.PNG,Sandwiches
frame_000710.PNG,Sandwiches
frame_000711.PNG,Sandwiches
frame_000712.PNG,Sandwiches
frame_000713.PNG,Sandwiches
frame_000714.PNG,Sandwiches
frame_000715.PNG,Sandwiches
frame_000716.PNG,Sandwiches
frame_000717.PNG,Sandwiches
frame_000718.PNG,Sandwiches
frame_000719.PNG,Sandwiches
frame_000720.PNG,Sandwiches
frame_000721.PNG,Sandwiches
frame_000722.PNG,Sandwiches
frame_000723.PNG,Sandwiches
frame_000724.PNG,Sandwiches
frame_000725.PNG,Sandwiches
frame_000726.PNG,Sandwiches
frame_000727.PNG,Sandwiches
frame_000728.PNG,Sandwiches
frame_000729.PNG,Sandwiches
frame_000730.PNG,Sandwiches
frame_000731.PNG,unlabeled
frame_000732.PNG,Sandwiches
frame_000733.PNG,Sandwiches
frame_000734.PNG,Sandwiches
frame_000735.PNG,Sandwiches
frame_000736.PNG,Sandwiches
frame_000737.PNG,Sandwiches
frame_000738.PNG,Sandwiches
frame_000739.PNG,Sandwiches
frame_000740.PNG,Sandwiches
frame_000741.PNG,Sandwiches
frame_000742.PNG,Sandwiches
frame_000743.PNG,Sandwiches
frame_000744.PNG,Sandwiches
frame_000745.PNG,Sandwiches
frame_000746.PNG,Sandwiches
frame_000747.PNG,Sandwiches
frame_000748.PNG,Sandwiches
frame_000749.PNG,Sandwiches
frame_000750.PNG,Sandwiches
frame_000751.PNG,Sandwiches
frame_000752.PNG,Sandwiches
frame_000753.PNG,Sandwiches
frame_000754.PNG,Sandwiches
frame_000755.PNG,Sandwiches
frame_000756.PNG,Sandwiches
frame_000757.PNG,Sandwiches
frame_000758.PNG,Sandwiches
frame_000759.PNG,Sandwiches
frame_000760.PNG,Sandwiches
frame_000761.PNG,Sandwiches
frame_000762.PNG,Sandwiches
frame_000763.PNG,Sandwiches
frame_000764.PNG,Sandwiches
frame_000765.PNG,Sandwiches
frame_000766.PNG,Sandwiches
frame_000767.PNG,Sandwiches
frame_000768.PNG,Sandwiches
frame_000769.PNG,Sandwiches
frame_000770.PNG,Sandwiches
frame_000771.PNG,Sandwiches
frame_000772.PNG,Sandwiches
frame_000773.PNG,Sandwiches
frame_000774.PNG,Sandwiches
frame_000775.PNG,Sandwiches
frame_000776.PNG,Sandwiches
frame_000777.PNG,Sandwiches
frame_000778.PNG,Sandwiches
frame_000779.PNG,Sandwiches
frame_000780.PNG,Sandwiches
frame_000781.PNG,Sandwiches
frame_000782.PNG,Sandwiches
frame_000783.PNG,Sandwiches
frame_000784.PNG,Sandwiches
frame_000785.PNG,Sandwiches
frame_000786.PNG,Sandwiches
frame_000787.PNG,Sandwiches
frame_000788.PNG,Sandwiches
frame_000789.PNG,Sandwiches
frame_000790.PNG,Sandwiches
frame_000791.PNG,Sandwiches
frame_000792.PNG,Sandwiches
frame_000793.PNG,Sandwiches
frame_000794.PNG,Sandwiches
frame_000795.PNG,Sandwiches
frame_000796.PNG,Sandwiches
frame_000797.PNG,Sandwiches
frame_000798.PNG,Sandwiches
frame_000799.PNG,Sandwiches
frame_000800.PNG,Sandwiches
frame_000801.PNG,Sandwiches
frame_000802.PNG,Sandwiches
frame_000803.PNG,Sandwiches
frame_000804.PNG,Sandwiches
frame_000805.PNG,Sandwiches
frame_000806.PNG,Sandwiches
frame_000807.PNG,Sandwiches
frame_000808.PNG,Sandwiches
frame_000809.PNG,Sandwiches
frame_000810.PNG,Sandwiches
frame_000811.PNG,Sandwiches
frame_000812.PNG,Sandwiches
frame_000813.PNG,Sandwiches
frame_000814.PNG,Sandwiches
frame_000815.PNG,Sandwiches
frame_000816.PNG,Sandwiches
frame_000817.PNG,Sandwiches
frame_000818.PNG,Sandwiches
frame_000819.PNG,Sandwiches
frame_000820.PNG,Sandwiches
frame_000821.PNG,Sandwiches
frame_000822.PNG,Sandwiches
frame_000823.PNG,Sandwiches
frame_000824.PNG,Sandwiches
frame_000825.PNG,Sandwiches
frame_000826.PNG,Sandwiches
frame_000827.PNG,Sandwiches
frame_000828.PNG,Sandwiches
frame_000829.PNG,Sandwiches
frame_000830.PNG,Sandwiches
frame_000831.PNG,Sandwiches
frame_000832.PNG,Sandwiches
frame_000833.PNG,Sandwiches
frame_000834.PNG,Sandwiches
frame_000835.PNG,Sandwiches
frame_000836.PNG,Sandwiches
frame_000837.PNG,Sandwiches
frame_000838.PNG,Sandwiches
frame_000839.PNG,Sandwiches
frame_000840.PNG,Sandwiches
frame_000841.PNG,Sandwiches
frame_000842.PNG,Sandwiches
frame_000843.PNG,Sandwiches
frame_000844.PNG,Sandwiches
frame_000845.PNG,Sandwiches
frame_000846.PNG,Sandwiches
frame_000847.PNG,Sandwiches
frame_000848.PNG,Sandwiches
frame_000849.PNG,Sandwiches
frame_000850.PNG,Sandwiches
frame_000851.PNG,Sandwiches
frame_000852.PNG,Sandwiches
frame_000853.PNG,Sandwiches
frame_000854.PNG,Sandwiches
frame_000855.PNG,Sandwiches
frame_000856.PNG,Sandwiches
frame_000857.PNG,Sandwiches
frame_000858.PNG,Sandwiches
frame_000859.PNG,Sandwiches
frame_000860.PNG,Sandwiches
frame_000861.PNG,Sandwiches
frame_000862.PNG,Sandwiches
frame_000863.PNG,Sandwiches
frame_000864.PNG,Sandwiches
frame_000865.PNG,Sandwiches
frame_000866.PNG,Sandwiches
frame_000867.PNG,Sandwiches
frame_000868.PNG,Sandwiches
frame_000869.PNG,Sandwiches
frame_000870.PNG,Sandwiches
frame_000871.PNG,Sandwiches
frame_000872.PNG,Sandwiches
frame_000873.PNG,Sandwiches
frame_000874.PNG,Sandwiches
frame_000875.PNG,Sandwiches
frame_000876.PNG,Sandwiches
frame_000877.PNG,Sandwiches
frame_000878.PNG,Sandwiches
frame_000879.PNG,Sandwiches
frame_000880.PNG,Sandwiches
frame_000881.PNG,Sandwiches
frame_000882.PNG,Sandwiches
frame_000883.PNG,Sandwiches
frame_000884.PNG,Sandwiches
frame_000885.PNG,Sandwiches
frame_000886.PNG,Sandwiches
frame_000887.PNG,Sandwiches
frame_000888.PNG,Sandwiches
frame_000889.PNG,Sandwiches
frame_000890.PNG,Sandwiches
frame_000891.PNG,Sandwiches
frame_000892.PNG,Sandwiches
frame_000893.PNG,Sandwiches
frame_000894.PNG,Sandwiches
frame_000895.PNG,Sandwiches
frame_000896.PNG,Sandwiches
frame_000897.PNG,Sandwiches
frame_000898.PNG,Sandwiches
frame_000899.PNG,Sandwiches
frame_000900.PNG,Sandwiches
frame_000901.PNG,Sandwiches
frame_000902.PNG,Sandwiches
frame_000903.PNG,Sandwiches
frame_000904.PNG,Sandwiches
frame_000905.PNG,Sandwiches
frame_000906.PNG,Sandwiches
frame_000907.PNG,Sandwiches
frame_000908.PNG,Sandwiches
frame_000909.PNG,Sandwiches
frame_000910.PNG,Sandwiches
frame_000911.PNG,Sandwiches
frame_000912.PNG,Sandwiches
frame_000913.PNG,Sandwiches
frame_000914.PNG,Sandwiches
frame_000915.PNG,Sandwiches
frame_000916.PNG,Sandwiches
frame_000917.PNG,Sandwiches
frame_000918.PNG,Sandwiches
frame_000919.PNG,Sandwiches
frame_000920.PNG,Sandwiches
frame_000921.PNG,Sandwiches
frame_000922.PNG,Sandwiches
frame_000923.PNG,Sandwiches
frame_000924.PNG,Sandwiches
frame_000925.PNG,Sandwiches
frame_000926.PNG,Sandwiches
frame_000927.PNG,Sandwiches
frame_000928.PNG,Sandwiches
frame_000929.PNG,Sandwiches
frame_000930.PNG,Sandwiches
frame_000931.PNG,Sandwiches
frame_000932.PNG,Sandwiches
frame_000933.PNG,Sandwiches
frame_000934.PNG,Sandwiches
frame_000935.PNG,Sandwiches
frame_000936.PNG,Sandwiches
frame_000937.PNG,Sandwiches
frame_000938.PNG,Sandwiches
frame_000939.PNG,Sandwiches
frame_000940.PNG,Sandwiches
frame_000941.PNG,Sandwiches
frame_000942.PNG,Sandwiches
frame_000943.PNG,Sandwiches
frame_000944.PNG,Sandwiches
frame_000945.PNG,Sandwiches
frame_000946.PNG,Sandwiches
frame_000947.PNG,Sandwiches
frame_000948.PNG,Sandwiches
frame_000949.PNG,Sandwiches
frame_000950.PNG,Sandwiches
frame_000951.PNG,Sandwiches
frame_000952.PNG,Sandwiches
frame_000953.PNG,Sandwiches
frame_000954.PNG,Sandwiches
frame_000955.PNG,Sandwiches
frame_000956.PNG,Sandwiches
frame_000957.PNG,Sandwiches
frame_000958.PNG,Sandwiches
frame_000959.PNG,Sandwiches
frame_000960.PNG,Sandwiches
frame_000961.PNG,Sandwiches
frame_000962.PNG,Sandwiches
frame_000963.PNG,Sandwiches
frame_000964.PNG,Sandwiches
frame_000965.PNG,Sandwiches
frame_000966.PNG,Sandwiches
frame_000967.PNG,Sandwiches
frame_000968.PNG,Sandwiches
frame_000969.PNG,Sandwiches
frame_000970.PNG,Sandwiches
frame_000971.PNG,Sandwiches
frame_000972.PNG,Sandwiches
frame_000973.PNG,Sandwiches
frame_000974.PNG,Sandwiches
frame_000975.PNG,Sandwiches
frame_000976.PNG,Sandwiches
frame_000977.PNG,Sandwiches
frame_000978.PNG,Sandwiches
frame_000979.PNG,Sandwiches
frame_000980.PNG,Sandwiches
frame_000981.PNG,Sandwiches
frame_000982.PNG,Sandwiches
frame_000983.PNG,Sandwiches
frame_000984.PNG,Sandwiches
frame_000985.PNG,Sandwiches
frame_000986.PNG,Sandwiches
frame_000987.PNG,Sandwiches
frame_000988.PNG,Sandwiches
frame_000989.PNG,Sandwiches
frame_000990.PNG,Sandwiches
frame_000991.PNG,Sandwiches
frame_000992.PNG,Sandwiches
frame_000993.PNG,Sandwiches
frame_000994.PNG,Sandwiches
frame_000995.PNG,Sandwiches
frame_000996.PNG,Sandwiches
frame_000997.PNG,Sandwiches
frame_000998.PNG,Sandwiches
frame_000999.PNG,Sandwiches
frame_001000.PNG,Sandwiches
frame_001001.PNG,Sandwiches
frame_001002.PNG,Sandwiches
frame_001003.PNG,Sandwiches
frame_001004.PNG,Sandwiches
frame_001005.PNG,Sandwiches
frame_001006.PNG,Sandwiches
frame_001007.PNG,Sandwiches
frame_001008.PNG,Sandwiches
frame_001009.PNG,Sandwiches
frame_001010.PNG,Sandwiches
frame_001011.PNG,Sandwiches
frame_001012.PNG,Sandwiches
frame_001013.PNG,Sandwiches
frame_001014.PNG,Sandwiches
frame_001015.PNG,Sandwiches
frame_001016.PNG,Sandwiches
frame_001017.PNG,Sandwiches
frame_001018.PNG,Sandwiches
frame_001019.PNG,Sandwiches
frame_001020.PNG,Sandwiches
frame_001021.PNG,Sandwiches
frame_001022.PNG,Sandwiches
frame_001023.PNG,Sandwiches
frame_001024.PNG,Sandwiches
frame_001025.PNG,Sandwiches
frame_001026.PNG,Sandwiches
frame_001027.PNG,Sandwiches
frame_001028.PNG,Sandwiches
frame_001029.PNG,Sandwiches
frame_001030.PNG,Sandwiches
frame_001031.PNG,Sandwiches
frame_001032.PNG,Sandwiches
frame_001033.PNG,Sandwiches
frame_001034.PNG,Sandwiches
frame_001035.PNG,Sandwiches
frame_001036.PNG,Sandwiches
frame_001037.PNG,Sandwiches
frame_001038.PNG,Sandwiches
frame_001039.PNG,Sandwiches
frame_001040.PNG,Sandwiches
frame_001041.PNG,Sandwiches
frame_001042.PNG,Sandwiches
frame_001043.PNG,Sandwiches
frame_001044.PNG,Sandwiches
frame_001045.PNG,Sandwiches
frame_001046.PNG,Sandwiches
frame_001047.PNG,Sandwiches
frame_001048.PNG,Sandwiches
frame_001049.PNG,Sandwiches
frame_001050.PNG,Sandwiches
frame_001051.PNG,Sandwiches
frame_001052.PNG,Sandwiches
frame_001053.PNG,Sandwiches
frame_001054.PNG,Sandwiches
frame_001055.PNG,Sandwiches
frame_001056.PNG,Sandwiches
frame_001057.PNG,Sandwiches
frame_001058.PNG,Sandwiches
frame_001059.PNG,Sandwiches
frame_001060.PNG,Sandwiches
frame_001061.PNG,Sandwiches
frame_001062.PNG,Sandwiches
frame_001063.PNG,Sandwiches
frame_001064.PNG,Sandwiches
frame_001065.PNG,Sandwiches
frame_001066.PNG,Sandwiches
frame_001067.PNG,Sandwiches
frame_001068.PNG,Sandwiches
frame_001069.PNG,Sandwiches
frame_001070.PNG,Sandwiches
frame_001071.PNG,Sandwiches
frame_001072.PNG,Sandwiches
frame_001073.PNG,Sandwiches
frame_001074.PNG,Sandwiches
frame_001075.PNG,Sandwiches
frame_001076.PNG,Sandwiches
frame_001077.PNG,Sandwiches
frame_001078.PNG,Sandwiches
frame_001079.PNG,Sandwiches
frame_001080.PNG,Sandwiches
frame_001081.PNG,Sandwiches
frame_001082.PNG,Sandwiches
frame_001083.PNG,Sandwiches
frame_001084.PNG,Sandwiches
frame_001085.PNG,Sandwiches
frame_001086.PNG,Sandwiches
frame_001087.PNG,Sandwiches
frame_001088.PNG,Sandwiches
frame_001089.PNG,Sandwiches
frame_001090.PNG,Sandwiches
frame_001091.PNG,Sandwiches
frame_001092.PNG,Sandwiches
frame_001093.PNG,Sandwiches
frame_001094.PNG,Sandwiches
frame_001095.PNG,Sandwiches
frame_001096.PNG,Sandwiches
frame_001097.PNG,Sandwiches
frame_001098.PNG,Sandwiches
frame_001099.PNG,Sandwiches
frame_001100.PNG,Sandwiches
frame_001101.PNG,Sandwiches
frame_001102.PNG,Sandwiches
frame_001103.PNG,Sandwiches
frame_001104.PNG,Sandwiches
frame_001105.PNG,Sandwiches
frame_001106.PNG,Sandwiches
frame_001107.PNG,Sandwiches
frame_001108.PNG,Sandwiches
frame_001109.PNG,Sandwiches
frame_001110.PNG,Sandwiches
frame_001111.PNG,Sandwiches
frame_001112.PNG,Sandwiches
frame_001113.PNG,Sandwiches
frame_001114.PNG,Sandwiches
frame_001115.PNG,Sandwiches
frame_001116.PNG,Sandwiches
frame_001117.PNG,Sandwiches
frame_001118.PNG,Sandwiches
frame_001119.PNG,Sandwiches
frame_001120.PNG,Sandwiches
frame_001121.PNG,Sandwiches
frame_001122.PNG,Sandwiches
frame_001123.PNG,Sandwiches
frame_001124.PNG,Sandwiches
frame_001125.PNG,Sandwiches
frame_001126.PNG,Sandwiches
frame_001127.PNG,Sandwiches
frame_001128.PNG,Sandwiches
frame_001129.PNG,unlabeled
frame_001130.PNG,unlabeled
frame_001131.PNG,unlabeled
frame_001132.PNG,unlabeled
frame_001133.PNG,unlabeled
frame_001134.PNG,unlabeled
frame_001135.PNG,unlabeled
frame_001136.PNG,unlabeled
frame_001137.PNG,unlabeled
frame_001138.PNG,unlabeled
frame_001139.PNG,unlabeled
frame_001140.PNG,unlabeled
frame_001141.PNG,Sandwiches
frame_001142.PNG,Sandwiches
frame_001143.PNG,Sandwiches
frame_001144.PNG,Sandwiches
frame_001145.PNG,Sandwiches
frame_001146.PNG,Sandwiches
frame_001147.PNG,Sandwiches
frame_001148.PNG,Sandwiches
frame_001149.PNG,Sandwiches
frame_001150.PNG,Sandwiches
frame_001151.PNG,Sandwiches
frame_001152.PNG,Sandwiches
frame_001153.PNG,Sandwiches
frame_001154.PNG,Sandwiches
frame_001155.PNG,Sandwiches
frame_001156.PNG,Sandwiches
frame_001157.PNG,Sandwiches
frame_001158.PNG,Sandwiches
frame_001159.PNG,Sandwiches
frame_001160.PNG,Sandwiches
frame_001161.PNG,Sandwiches
frame_001162.PNG,Sandwiches
frame_001163.PNG,Sandwiches
frame_001164.PNG,Sandwiches
frame_001165.PNG,Sandwiches
frame_001166.PNG,Sandwiches
frame_001167.PNG,Sandwiches
frame_001168.PNG,Sandwiches
frame_001169.PNG,Sandwiches
frame_001170.PNG,Sandwiches
frame_001171.PNG,Sandwiches
frame_001172.PNG,Sandwiches
frame_001173.PNG,Sandwiches
frame_001174.PNG,Sandwiches
frame_001175.PNG,Sandwiches
frame_001176.PNG,Sandwiches
frame_001177.PNG,Sandwiches
frame_001178.PNG,Sandwiches
frame_001179.PNG,Sandwiches
frame_001180.PNG,Sandwiches
frame_001181.PNG,Sandwiches
frame_001182.PNG,Sandwiches
frame_001183.PNG,Sandwiches
frame_001184.PNG,Sandwiches
frame_001185.PNG,Sandwiches
frame_001186.PNG,Sandwiches
frame_001187.PNG,Sandwiches
frame_001188.PNG,Sandwiches
frame_001189.PNG,Sandwiches
frame_001190.PNG,Sandwiches
frame_001191.PNG,Sandwiches
frame_001192.PNG,Sandwiches
frame_001193.PNG,Sandwiches
frame_001194.PNG,Sandwiches
frame_001195.PNG,Sandwiches
frame_001196.PNG,Sandwiches
frame_001197.PNG,Sandwiches
frame_001198.PNG,Sandwiches
frame_001199.PNG,Sandwiches
frame_001200.PNG,Sandwiches
frame_001201.PNG,Sandwiches
frame_001202.PNG,Sandwiches
frame_001203.PNG,Sandwiches
frame_001204.PNG,Sandwiches
frame_001205.PNG,Sandwiches
frame_001206.PNG,Sandwiches
frame_001207.PNG,Sandwiches
frame_001208.PNG,Sandwiches
frame_001209.PNG,Sandwiches
frame_001210.PNG,Sandwiches
frame_001211.PNG,Sandwiches
frame_001212.PNG,Sandwiches
frame_001213.PNG,Sandwiches
frame_001214.PNG,Sandwiches
frame_001215.PNG,Sandwiches
frame_001216.PNG,Sandwiches
frame_001217.PNG,Sandwiches
frame_001218.PNG,Sandwiches
frame_001219.PNG,Sandwiches
frame_001220.PNG,Sandwiches
frame_001221.PNG,Sandwiches
frame_001222.PNG,Sandwiches
frame_001223.PNG,Sandwiches
frame_001224.PNG,Sandwiches
frame_001225.PNG,Sandwiches
frame_001226.PNG,Sandwiches
frame_001227.PNG,Sandwiches
frame_001228.PNG,Sandwiches
frame_001229.PNG,Sandwiches
frame_001230.PNG,Sandwiches
frame_001231.PNG,Sandwiches
frame_001232.PNG,Sandwiches
frame_001233.PNG,Sandwiches
frame_001234.PNG,Sandwiches
frame_001235.PNG,Sandwiches
frame_001236.PNG,Sandwiches
frame_001237.PNG,Sandwiches
frame_001238.PNG,Sandwiches
frame_001239.PNG,Sandwiches
frame_001240.PNG,Sandwiches
frame_001241.PNG,Sandwiches
frame_001242.PNG,Sandwiches
frame_001243.PNG,Sandwiches
frame_001244.PNG,Sandwiches
frame_001245.PNG,Sandwiches
frame_001246.PNG,Sandwiches
frame_001247.PNG,Sandwiches
frame_001248.PNG,Sandwiches
frame_001249.PNG,Sandwiches
frame_001250.PNG,Sandwiches
frame_001251.PNG,Sandwiches
frame_001252.PNG,Sandwiches
frame_001253.PNG,Sandwiches
frame_001254.PNG,Sandwiches
frame_001255.PNG,Sandwiches
frame_001256.PNG,Sandwiches
frame_001257.PNG,Sandwiches
frame_001258.PNG,Sandwiches
frame_001259.PNG,Sandwiches
frame_001260.PNG,Sandwiches
frame_001261.PNG,Sandwiches
frame_001262.PNG,Sandwiches
frame_001263.PNG,Sandwiches
frame_001264.PNG,Sandwiches
frame_001265.PNG,Sandwiches
frame_001266.PNG,Sandwiches
frame_001267.PNG,Sandwiches
frame_001268.PNG,Sandwiches
frame_001269.PNG,Sandwiches
frame_001270.PNG,Sandwiches
frame_001271.PNG,Sandwiches
frame_001272.PNG,Sandwiches
frame_001273.PNG,Sandwiches
frame_001274.PNG,Sandwiches
frame_001275.PNG,Sandwiches
frame_001276.PNG,Sandwiches
frame_001277.PNG,Sandwiches
frame_001278.PNG,Sandwiches
frame_001279.PNG,Sandwiches
frame_001280.PNG,Sandwiches
frame_001281.PNG,Sandwiches
frame_001282.PNG,Sandwiches
frame_001283.PNG,Sandwiches
frame_001284.PNG,Sandwiches
frame_001285.PNG,Sandwiches
frame_001286.PNG,Sandwiches
frame_001287.PNG,Sandwiches
frame_001288.PNG,Sandwiches
frame_001289.PNG,Sandwiches
frame_001290.PNG,Sandwiches
frame_001291.PNG,Sandwiches
frame_001292.PNG,Sandwiches
frame_001293.PNG,Sandwiches
frame_001294.PNG,Sandwiches
frame_001295.PNG,Sandwiches
frame_001296.PNG,Sandwiches
frame_001297.PNG,Sandwiches
frame_001298.PNG,Sandwiches
frame_001299.PNG,Sandwiches
frame_001300.PNG,Sandwiches
frame_001301.PNG,Sandwiches
frame_001302.PNG,Sandwiches
frame_001303.PNG,Sandwiches
frame_001304.PNG,Sandwiches
frame_001305.PNG,Sandwiches
frame_001306.PNG,Sandwiches
frame_001307.PNG,Sandwiches
frame_001308.PNG,Sandwiches
frame_001309.PNG,Sandwiches
frame_001310.PNG,Sandwiches
frame_001311.PNG,Sandwiches
frame_001312.PNG,Sandwiches
frame_001313.PNG,Sandwiches
frame_001314.PNG,Sandwiches
frame_001315.PNG,Sandwiches
frame_001316.PNG,Sandwiches
frame_001317.PNG,Sandwiches
frame_001318.PNG,Sandwiches
frame_001319.PNG,Sandwiches
frame_001320.PNG,Sandwiches
frame_001321.PNG,Sandwiches
frame_001322.PNG,Sandwiches
frame_001323.PNG,Sandwiches
frame_001324.PNG,Sandwiches
frame_001325.PNG,Sandwiches
frame_001326.PNG,Sandwiches
frame_001327.PNG,Sandwiches
frame_001328.PNG,Sandwiches
frame_001329.PNG,Sandwiches
frame_001330.PNG,Sandwiches
frame_001331.PNG,Sandwiches
frame_001332.PNG,Sandwiches
frame_001333.PNG,Sandwiches
frame_001334.PNG,Sandwiches
frame_001335.PNG,Sandwiches
frame_001336.PNG,Sandwiches
frame_001337.PNG,Sandwiches
frame_001338.PNG,Sandwiches
frame_001339.PNG,Sandwiches
frame_001340.PNG,Sandwiches
frame_001341.PNG,Sandwiches
frame_001342.PNG,Sandwiches
frame_001343.PNG,Sandwiches
frame_001344.PNG,Sandwiches
frame_001345.PNG,Sandwiches
frame_001346.PNG,Sandwiches
frame_001347.PNG,Sandwiches
frame_001348.PNG,Sandwiches
frame_001349.PNG,Sandwiches
frame_001350.PNG,Sandwiches
frame_001351.PNG,Sandwiches
frame_001352.PNG,Sandwiches
frame_001353.PNG,Sandwiches
frame_001354.PNG,Sandwiches
frame_001355.PNG,Sandwiches
frame_001356.PNG,Sandwiches
frame_001357.PNG,Sandwiches
frame_001358.PNG,Sandwiches
frame_001359.PNG,Sandwiches
frame_001360.PNG,Sandwiches
frame_001361.PNG,Sandwiches
frame_001362.PNG,Sandwiches
frame_001363.PNG,Sandwiches
frame_001364.PNG,Sandwiches
frame_001365.PNG,Sandwiches
frame_001366.PNG,Sandwiches
frame_001367.PNG,Sandwiches
frame_001368.PNG,Sandwiches
frame_001369.PNG,Sandwiches
frame_001370.PNG,Sandwiches
frame_001371.PNG,Sandwiches
frame_001372.PNG,Sandwiches
frame_001373.PNG,Sandwiches
frame_001374.PNG,Sandwiches
frame_001375.PNG,Sandwiches
frame_001376.PNG,Sandwiches
frame_001377.PNG,Sandwiches
frame_001378.PNG,Sandwiches
frame_001379.PNG,Sandwiches
frame_001380.PNG,Sandwiches
frame_001381.PNG,Sandwiches
frame_001382.PNG,Sandwiches
frame_001383.PNG,Sandwiches
frame_001384.PNG,Sandwiches
frame_001385.PNG,Sandwiches
frame_001386.PNG,Sandwiches
frame_001387.PNG,Sandwiches
frame_001388.PNG,Sandwiches
frame_001389.PNG,Sandwiches
frame_001390.PNG,Sandwiches
frame_001391.PNG,Sandwiches
frame_001392.PNG,Sandwiches
frame_001393.PNG,Sandwiches
frame_001394.PNG,Sandwiches
frame_001395.PNG,Sandwiches
frame_001396.PNG,Sandwiches
frame_001397.PNG,Sandwiches
frame_001398.PNG,Sandwiches
frame_001399.PNG,Sandwiches
frame_001400.PNG,Sandwiches
frame_001401.PNG,Sandwiches
frame_001402.PNG,Sandwiches
frame_001403.PNG,Sandwiches
frame_001404.PNG,Sandwiches
frame_001405.PNG,Sandwiches
frame_001406.PNG,Sandwiches
frame_001407.PNG,Sandwiches
frame_001408.PNG,Sandwiches
frame_001409.PNG,Sandwiches
frame_001410.PNG,Sandwiches
frame_001411.PNG,Sandwiches
frame_001412.PNG,Sandwiches
frame_001413.PNG,Sandwiches
frame_001414.PNG,Sandwiches
frame_001415.PNG,Sandwiches
frame_001416.PNG,Sandwiches
frame_001417.PNG,Sandwiches
frame_001418.PNG,Sandwiches
frame_001419.PNG,Sandwiches
frame_001420.PNG,Sandwiches
frame_001421.PNG,Sandwiches
frame_001422.PNG,Sandwiches
frame_001423.PNG,Sandwiches
frame_001424.PNG,Sandwiches
frame_001425.PNG,Sandwiches
frame_001426.PNG,Sandwiches
frame_001427.PNG,Sandwiches
frame_001428.PNG,Sandwiches
frame_001429.PNG,Sandwiches
frame_001430.PNG,Sandwiches
frame_001431.PNG,Sandwiches
frame_001432.PNG,Sandwiches
frame_001433.PNG,Sandwiches
frame_001434.PNG,Sandwiches
frame_001435.PNG,Sandwiches
frame_001436.PNG,Sandwiches
frame_001437.PNG,Sandwiches
frame_001438.PNG,Sandwiches
frame_001439.PNG,Sandwiches
frame_001440.PNG,Sandwiches
frame_001441.PNG,Sandwiches
frame_001442.PNG,Sandwiches
frame_001443.PNG,Sandwiches
frame_001444.PNG,Sandwiches
frame_001445.PNG,Sandwiches
frame_001446.PNG,Sandwiches
frame_001447.PNG,Sandwiches
frame_001448.PNG,Sandwiches
frame_001449.PNG,Sandwiches
frame_001450.PNG,Sandwiches
frame_001451.PNG,Sandwiches
frame_001452.PNG,Sandwiches
frame_001453.PNG,Sandwiches
frame_001454.PNG,Sandwiches
frame_001455.PNG,Sandwiches
frame_001456.PNG,Sandwiches
frame_001457.PNG,Sandwiches
frame_001458.PNG,Sandwiches
frame_001459.PNG,Sandwiches
frame_001460.PNG,Sandwiches
frame_001461.PNG,Sandwiches
frame_001462.PNG,Sandwiches
frame_001463.PNG,Sandwiches
frame_001464.PNG,Sandwiches
frame_001465.PNG,Sandwiches
frame_001466.PNG,Sandwiches
frame_001467.PNG,Sandwiches
frame_001468.PNG,Sandwiches
frame_001469.PNG,Sandwiches
frame_001470.PNG,Sandwiches
frame_001471.PNG,Sandwiches
frame_001472.PNG,Sandwiches
frame_001473.PNG,Sandwiches
frame_001474.PNG,Sandwiches
frame_001475.PNG,Sandwiches
frame_001476.PNG,Sandwiches
frame_001477.PNG,Sandwiches
frame_001478.PNG,Sandwiches
frame_001479.PNG,Sandwiches
frame_001480.PNG,Sandwiches
frame_001481.PNG,Sandwiches
frame_001482.PNG,Sandwiches
frame_001483.PNG,Sandwiches
frame_001484.PNG,Sandwiches
frame_001485.PNG,Sandwiches
frame_001486.PNG,Sandwiches
frame_001487.PNG,Sandwiches
frame_001488.PNG,Sandwiches
frame_001489.PNG,Sandwiches
frame_001490.PNG,Sandwiches
frame_001491.PNG,Sandwiches
frame_001492.PNG,Sandwiches
frame_001493.PNG,Sandwiches
frame_001494.PNG,Sandwiches
frame_001495.PNG,Sandwiches
frame_001496.PNG,Sandwiches
frame_001497.PNG,Sandwiches
frame_001498.PNG,Sandwiches
frame_001499.PNG,Sandwiches
frame_001500.PNG,Sandwiches
frame_001501.PNG,Sandwiches
frame_001502.PNG,Sandwiches
frame_001503.PNG,Sandwiches
frame_001504.PNG,Sandwiches
frame_001505.PNG,Sandwiches
frame_001506.PNG,Sandwiches
frame_001507.PNG,Sandwiches
frame_001508.PNG,Sandwiches
frame_001509.PNG,Sandwiches
frame_001510.PNG,Sandwiches
frame_001511.PNG,Sandwiches
frame_001512.PNG,Sandwiches
frame_001513.PNG,Sandwiches
frame_001514.PNG,Sandwiches
frame_001515.PNG,Sandwiches
frame_001516.PNG,Sandwiches
frame_001517.PNG,Sandwiches
frame_001518.PNG,Sandwiches
frame_001519.PNG,Sandwiches
frame_001520.PNG,Sandwiches
frame_001521.PNG,Sandwiches
frame_001522.PNG,Sandwiches
frame_001523.PNG,Sandwiches
frame_001524.PNG,Sandwiches
frame_001525.PNG,Sandwiches
frame_001526.PNG,Sandwiches
frame_001527.PNG,Sandwiches
frame_001528.PNG,Sandwiches
frame_001529.PNG,Sandwiches
frame_001530.PNG,Sandwiches
frame_001531.PNG,Sandwiches
frame_001532.PNG,Sandwiches
frame_001533.PNG,Sandwiches
frame_001534.PNG,Sandwiches
frame_001535.PNG,Sandwiches
frame_001536.PNG,Sandwiches
frame_001537.PNG,Sandwiches
frame_001538.PNG,Sandwiches
frame_001539.PNG,Sandwiches
frame_001540.PNG,Sandwiches
frame_001541.PNG,Sandwiches
frame_001542.PNG,Sandwiches
frame_001543.PNG,Sandwiches
frame_001544.PNG,Sandwiches
frame_001545.PNG,Sandwiches
frame_001546.PNG,Sandwiches
frame_001547.PNG,Sandwiches
frame_001548.PNG,Sandwiches
frame_001549.PNG,Sandwiches
frame_001550.PNG,Sandwiches
frame_001551.PNG,Sandwiches
frame_001552.PNG,Sandwiches
frame_001553.PNG,Sandwiches
frame_001554.PNG,Sandwiches
frame_001555.PNG,Sandwiches
frame_001556.PNG,Sandwiches
frame_001557.PNG,Sandwiches
frame_001558.PNG,Sandwiches
frame_001559.PNG,Sandwiches
frame_001560.PNG,Sandwiches
frame_001561.PNG,Sandwiches
frame_001562.PNG,Sandwiches
frame_001563.PNG,Sandwiches
frame_001564.PNG,Sandwiches
frame_001565.PNG,Sandwiches
frame_001566.PNG,Sandwiches
frame_001567.PNG,Sandwiches
frame_001568.PNG,Sandwiches
frame_001569.PNG,Sandwiches
frame_001570.PNG,Sandwiches
frame_001571.PNG,Sandwiches
frame_001572.PNG,Sandwiches
frame_001573.PNG,Sandwiches
frame_001574.PNG,Sandwiches
frame_001575.PNG,Sandwiches
frame_001576.PNG,Sandwiches
frame_001577.PNG,Sandwiches
frame_001578.PNG,Sandwiches
frame_001579.PNG,Sandwiches
frame_001580.PNG,Sandwiches
frame_001581.PNG,Sandwiches
frame_001582.PNG,Sandwiches
frame_001583.PNG,Sandwiches
frame_001584.PNG,Sandwiches
frame_001585.PNG,Sandwiches
frame_001586.PNG,Sandwiches
frame_001587.PNG,Sandwiches
frame_001588.PNG,Sandwiches
frame_001589.PNG,Sandwiches
frame_001590.PNG,Sandwiches
frame_001591.PNG,Sandwiches
frame_001592.PNG,Sandwiches
frame_001593.PNG,Sandwiches
frame_001594.PNG,Sandwiches
frame_001595.PNG,Sandwiches
frame_001596.PNG,Sandwiches
frame_001597.PNG,Sandwiches
frame_001598.PNG,Sandwiches
frame_001599.PNG,Sandwiches
frame_001600.PNG,Sandwiches
frame_001601.PNG,Sandwiches
frame_001602.PNG,Sandwiches
frame_001603.PNG,Sandwiches
frame_001604.PNG,Sandwiches
frame_001605.PNG,Sandwiches
frame_001606.PNG,Sandwiches
frame_001607.PNG,Sandwiches
frame_001608.PNG,Sandwiches
frame_001609.PNG,Sandwiches
frame_001610.PNG,Sandwiches
frame_001611.PNG,Sandwiches
frame_001612.PNG,Sandwiches
frame_001613.PNG,Sandwiches
frame_001614.PNG,Sandwiches
frame_001615.PNG,Sandwiches
frame_001616.PNG,Sandwiches
frame_001617.PNG,Sandwiches
frame_001618.PNG,Sandwiches
frame_001619.PNG,Sandwiches
frame_001620.PNG,Sandwiches
frame_001621.PNG,Sandwiches
frame_001622.PNG,Sandwiches
frame_001623.PNG,Sandwiches
frame_001624.PNG,Sandwiches
frame_001625.PNG,Sandwiches
frame_001626.PNG,Sandwiches
frame_001627.PNG,Sandwiches
frame_001628.PNG,Sandwiches
frame_001629.PNG,Sandwiches
frame_001630.PNG,Sandwiches
frame_001631.PNG,Sandwiches
frame_001632.PNG,Sandwiches
frame_001633.PNG,Sandwiches
frame_001634.PNG,Sandwiches
frame_001635.PNG,Sandwiches
frame_001636.PNG,Sandwiches
frame_001637.PNG,Sandwiches
frame_001638.PNG,Sandwiches
frame_001639.PNG,Sandwiches
frame_001640.PNG,Sandwiches
frame_001641.PNG,Sandwiches
frame_001642.PNG,Sandwiches
frame_001643.PNG,Sandwiches
frame_001644.PNG,Sandwiches
frame_001645.PNG,Sandwiches
frame_001646.PNG,Sandwiches
frame_001647.PNG,Sandwiches
frame_001648.PNG,Sandwiches
frame_001649.PNG,Sandwiches
frame_001650.PNG,Sandwiches
frame_001651.PNG,Sandwiches
frame_001652.PNG,Sandwiches
frame_001653.PNG,Sandwiches
frame_001654.PNG,Sandwiches
frame_001655.PNG,Sandwiches
frame_001656.PNG,Sandwiches
frame_001657.PNG,Sandwiches
frame_001658.PNG,Sandwiches
frame_001659.PNG,Sandwiches
frame_001660.PNG,Sandwiches
frame_001661.PNG,Sandwiches
frame_001662.PNG,Sandwiches
frame_001663.PNG,Sandwiches
frame_001664.PNG,Sandwiches
frame_001665.PNG,Sandwiches
frame_001666.PNG,Sandwiches
frame_001667.PNG,Sandwiches
frame_001668.PNG,Sandwiches
frame_001669.PNG,Sandwiches
frame_001670.PNG,Sandwiches
frame_001671.PNG,Sandwiches
frame_001672.PNG,Sandwiches
frame_001673.PNG,Sandwiches
frame_001674.PNG,Sandwiches
frame_001675.PNG,Sandwiches
frame_001676.PNG,Sandwiches
frame_001677.PNG,Sandwiches
frame_001678.PNG,Sandwiches
frame_001679.PNG,Sandwiches
frame_001680.PNG,Sandwiches
frame_001681.PNG,Sandwiches
frame_001682.PNG,Sandwiches
frame_001683.PNG,Sandwiches
frame_001684.PNG,Sandwiches
frame_001685.PNG,Sandwiches
frame_001686.PNG,Sandwiches
frame_001687.PNG,Sandwiches
frame_001688.PNG,Sandwiches
frame_001689.PNG,Sandwiches
frame_001690.PNG,Sandwiches
frame_001691.PNG,Sandwiches
frame_001692.PNG,Sandwiches
frame_001693.PNG,Sandwiches
frame_001694.PNG,Sandwiches
frame_001695.PNG,Sandwiches
frame_001696.PNG,Sandwiches
frame_001697.PNG,Sandwiches
frame_001698.PNG,Sandwiches
frame_001699.PNG,Sandwiches
frame_001700.PNG,Sandwiches
frame_001701.PNG,Sandwiches
frame_001702.PNG,Sandwiches
frame_001703.PNG,Sandwiches
frame_001704.PNG,Sandwiches
frame_001705.PNG,Sandwiches
frame_001706.PNG,Sandwiches
frame_001707.PNG,Sandwiches
frame_001708.PNG,Sandwiches
frame_001709.PNG,Sandwiches
frame_001710.PNG,Sandwiches
frame_001711.PNG,Sandwiches
frame_001712.PNG,Sandwiches
frame_001713.PNG,Sandwiches
frame_001714.PNG,Sandwiches
frame_001715.PNG,Sandwiches
frame_001716.PNG,Sandwiches
frame_001717.PNG,Sandwiches
frame_001718.PNG,Sandwiches
frame_001719.PNG,Sandwiches
frame_001720.PNG,Sandwiches
frame_001721.PNG,Sandwiches
frame_001722.PNG,Sandwiches
frame_001723.PNG,Sandwiches
frame_001724.PNG,Sandwiches
frame_001725.PNG,Sandwiches
frame_001726.PNG,Sandwiches
frame_001727.PNG,Sandwiches
frame_001728.PNG,Sandwiches
frame_001729.PNG,Sandwiches
frame_001730.PNG,Sandwiches
frame_001731.PNG,Sandwiches
frame_001732.PNG,Sandwiches
frame_001733.PNG,Sandwiches
frame_001734.PNG,Sandwiches
frame_001735.PNG,Sandwiches
frame_001736.PNG,Sandwiches
frame_001737.PNG,Sandwiches
frame_001738.PNG,Sandwiches
frame_001739.PNG,Sandwiches
frame_001740.PNG,Sandwiches
frame_001741.PNG,Sandwiches
frame_001742.PNG,Sandwiches
frame_001743.PNG,Sandwiches
frame_001744.PNG,Sandwiches
frame_001745.PNG,Sandwiches
frame_001746.PNG,Sandwiches
frame_001747.PNG,Sandwiches
frame_001748.PNG,Sandwiches
frame_001749.PNG,Sandwiches
frame_001750.PNG,Sandwiches
frame_001751.PNG,Sandwiches
frame_001752.PNG,Sandwiches
frame_001753.PNG,Sandwiches
frame_001754.PNG,Sandwiches
frame_001755.PNG,Sandwiches
frame_001756.PNG,Sandwiches
frame_001757.PNG,Sandwiches
frame_001758.PNG,Sandwiches
frame_001759.PNG,Sandwiches
frame_001760.PNG,Sandwiches
frame_001761.PNG,Sandwiches
frame_001762.PNG,Sandwiches
frame_001763.PNG,Sandwiches
frame_001764.PNG,Sandwiches
frame_001765.PNG,Sandwiches
frame_001766.PNG,Sandwiches
frame_001767.PNG,Sandwiches
frame_001768.PNG,Sandwiches
frame_001769.PNG,Sandwiches
frame_001770.PNG,Sandwiches
frame_001771.PNG,Sandwiches
frame_001772.PNG,Sandwiches
frame_001773.PNG,Sandwiches
frame_001774.PNG,Sandwiches
frame_001775.PNG,Sandwiches
frame_001776.PNG,Sandwiches
frame_001777.PNG,Sandwiches
frame_001778.PNG,Sandwiches
frame_001779.PNG,Sandwiches
frame_001780.PNG,Sandwiches
frame_001781.PNG,Sandwiches
frame_001782.PNG,Sandwiches
frame_001783.PNG,Sandwiches
frame_001784.PNG,Sandwiches
frame_001785.PNG,Sandwiches
frame_001786.PNG,Sandwiches
frame_001787.PNG,Sandwiches
frame_001788.PNG,Sandwiches
frame_001789.PNG,Sandwiches
frame_001790.PNG,Sandwiches
frame_001791.PNG,Sandwiches
frame_001792.PNG,Sandwiches
frame_001793.PNG,Sandwiches
frame_001794.PNG,Sandwiches
frame_001795.PNG,Sandwiches
frame_001796.PNG,Sandwiches
frame_001797.PNG,Sandwiches
frame_001798.PNG,Sandwiches
frame_001799.PNG,Sandwiches
frame_001800.PNG,Sandwiches
frame_001801.PNG,Sandwiches
frame_001802.PNG,Sandwiches
frame_001803.PNG,Sandwiches
frame_001804.PNG,Sandwiches
frame_001805.PNG,Sandwiches
frame_001806.PNG,Sandwiches
frame_001807.PNG,Sandwiches
frame_001808.PNG,Sandwiches
frame_001809.PNG,Sandwiches
frame_001810.PNG,Sandwiches
frame_001811.PNG,Sandwiches
frame_001812.PNG,Sandwiches
frame_001813.PNG,Sandwiches
frame_001814.PNG,Sandwiches
frame_001815.PNG,Sandwiches
frame_001816.PNG,Sandwiches
frame_001817.PNG,Sandwiches
frame_001818.PNG,Sandwiches
frame_001819.PNG,Sandwiches
frame_001820.PNG,Sandwiches
frame_001821.PNG,Sandwiches
frame_001822.PNG,Sandwiches
frame_001823.PNG,Sandwiches
frame_001824.PNG,Sandwiches
frame_001825.PNG,Sandwiches
frame_001826.PNG,Sandwiches
frame_001827.PNG,Sandwiches
frame_001828.PNG,Sandwiches
frame_001829.PNG,Sandwiches
frame_001830.PNG,Sandwiches
frame_001831.PNG,Sandwiches
frame_001832.PNG,Sandwiches
frame_001833.PNG,Sandwiches
frame_001834.PNG,Sandwiches
frame_001835.PNG,Sandwiches
frame_001836.PNG,Sandwiches
frame_001837.PNG,Sandwiches
frame_001838.PNG,Sandwiches
frame_001839.PNG,Sandwiches
frame_001840.PNG,Sandwiches
frame_001841.PNG,Sandwiches
frame_001842.PNG,Sandwiches
frame_001843.PNG,Sandwiches
frame_001844.PNG,Sandwiches
frame_001845.PNG,Sandwiches
frame_001846.PNG,Sandwiches
frame_001847.PNG,Sandwiches
frame_001848.PNG,Sandwiches
frame_001849.PNG,Sandwiches
frame_001850.PNG,Sandwiches
frame_001851.PNG,Sandwiches
frame_001852.PNG,Sandwiches
frame_001853.PNG,Sandwiches
frame_001854.PNG,Sandwiches
frame_001855.PNG,Sandwiches
frame_001856.PNG,Sandwiches
frame_001857.PNG,Sandwiches
frame_001858.PNG,Sandwiches
frame_001859.PNG,Sandwiches
frame_001860.PNG,Sandwiches
frame_001861.PNG,Sandwiches
frame_001862.PNG,Sandwiches
frame_001863.PNG,Sandwiches
frame_001864.PNG,Sandwiches
frame_001865.PNG,Sandwiches
frame_001866.PNG,Sandwiches
frame_001867.PNG,Sandwiches
frame_001868.PNG,Sandwiches
frame_001869.PNG,Sandwiches
frame_001870.PNG,Sandwiches
frame_001871.PNG,Sandwiches
frame_001872.PNG,Sandwiches
frame_001873.PNG,Sandwiches
frame_001874.PNG,Sandwiches
frame_001875.PNG,Sandwiches
frame_001876.PNG,Sandwiches
frame_001877.PNG,Sandwiches
frame_001878.PNG,Sandwiches
frame_001879.PNG,Sandwiches
frame_001880.PNG,Sandwiches
frame_001881.PNG,Sandwiches
frame_001882.PNG,Sandwiches
frame_001883.PNG,Sandwiches
frame_001884.PNG,Sandwiches
frame_001885.PNG,Sandwiches
frame_001886.PNG,Sandwiches
frame_001887.PNG,Sandwiches
frame_001888.PNG,Sandwiches
frame_001889.PNG,Sandwiches
frame_001890.PNG,Sandwiches
frame_001891.PNG,Sandwiches
frame_001892.PNG,Sandwiches
frame_001893.PNG,Sandwiches
frame_001894.PNG,Sandwiches
frame_001895.PNG,Sandwiches
frame_001896.PNG,Sandwiches
frame_001897.PNG,Sandwiches
frame_001898.PNG,Sandwiches
frame_001899.PNG,Sandwiches
frame_001900.PNG,Sandwiches
frame_001901.PNG,Sandwiches
frame_001902.PNG,Sandwiches
frame_001903.PNG,Sandwiches
frame_001904.PNG,Sandwiches
frame_001905.PNG,Sandwiches
frame_001906.PNG,Sandwiches
frame_001907.PNG,Sandwiches
frame_001908.PNG,Sandwiches
frame_001909.PNG,Sandwiches
frame_001910.PNG,Sandwiches
frame_001911.PNG,Sandwiches
frame_001912.PNG,Sandwiches
frame_001913.PNG,Sandwiches
frame_001914.PNG,Sandwiches
frame_001915.PNG,Sandwiches
frame_001916.PNG,Sandwiches
frame_001917.PNG,Sandwiches
frame_001918.PNG,Sandwiches
frame_001919.PNG,Sandwiches
frame_001920.PNG,Sandwiches
frame_001921.PNG,Sandwiches
frame_001922.PNG,Sandwiches
frame_001923.PNG,Sandwiches
frame_001924.PNG,Sandwiches
frame_001925.PNG,Sandwiches
frame_001926.PNG,Sandwiches
frame_001927.PNG,Sandwiches
frame_001928.PNG,Sandwiches
frame_001929.PNG,Sandwiches
frame_001930.PNG,Sandwiches
frame_001931.PNG,Sandwiches
frame_001932.PNG,Sandwiches
frame_001933.PNG,Sandwiches
frame_001934.PNG,Sandwiches
frame_001935.PNG,Sandwiches
frame_001936.PNG,Sandwiches
frame_001937.PNG,Sandwiches
frame_001938.PNG,Sandwiches
frame_001939.PNG,Sandwiches
frame_001940.PNG,Sandwiches
frame_001941.PNG,Sandwiches
frame_001942.PNG,unlabeled
frame_001943.PNG,Sandwiches
frame_001944.PNG,Sandwiches
frame_001945.PNG,Sandwiches
frame_001946.PNG,Sandwiches
frame_001947.PNG,Sandwiches
frame_001948.PNG,Sandwiches
frame_001949.PNG,Sandwiches
frame_001950.PNG,Sandwiches
frame_001951.PNG,Sandwiches
frame_001952.PNG,Sandwiches
frame_001953.PNG,Sandwiches
frame_001954.PNG,Sandwiches
frame_001955.PNG,Sandwiches
frame_001956.PNG,Sandwiches
frame_001957.PNG,Sandwiches
frame_001958.PNG,Sandwiches
frame_001959.PNG,Sandwiches
frame_001960.PNG,Sandwiches
frame_001961.PNG,Sandwiches
frame_001962.PNG,Sandwiches
frame_001963.PNG,Sandwiches
frame_001964.PNG,Sandwiches
frame_001965.PNG,Sandwiches
frame_001966.PNG,Sandwiches
frame_001967.PNG,Sandwiches
frame_001968.PNG,Sandwiches
frame_001969.PNG,Sandwiches
frame_001970.PNG,Sandwiches
frame_001971.PNG,Sandwiches
frame_001972.PNG,Sandwiches
frame_001973.PNG,Sandwiches
frame_001974.PNG,Sandwiches
frame_001975.PNG,Sandwiches
frame_001976.PNG,Sandwiches
frame_001977.PNG,Sandwiches
frame_001978.PNG,Sandwiches
frame_001979.PNG,Sandwiches
frame_001980.PNG,Sandwiches
frame_001981.PNG,Sandwiches
frame_001982.PNG,Sandwiches
frame_001983.PNG,unlabeled
frame_001984.PNG,unlabeled
frame_001985.PNG,unlabeled
frame_001986.PNG,Sandwiches
frame_001987.PNG,Sandwiches
frame_001988.PNG,Sandwiches
frame_001989.PNG,Sandwiches
frame_001990.PNG,Sandwiches
frame_001991.PNG,Sandwiches
frame_001992.PNG,Sandwiches
frame_001993.PNG,Sandwiches
frame_001994.PNG,Sandwiches
frame_001995.PNG,Sandwiches
frame_001996.PNG,Sandwiches
frame_001997.PNG,Sandwiches
frame_001998.PNG,Sandwiches
frame_001999.PNG,Sandwiches
frame_002000.PNG,Sandwiches
frame_002001.PNG,Sandwiches
frame_002002.PNG,Sandwiches
frame_002003.PNG,Sandwiches
frame_002004.PNG,Sandwiches
frame_002005.PNG,Sandwiches
frame_002006.PNG,Sandwiches
frame_002007.PNG,Sandwiches
frame_002008.PNG,Sandwiches
frame_002009.PNG,Sandwiches
frame_002010.PNG,Sandwiches
frame_002011.PNG,Sandwiches
frame_002012.PNG,Sandwiches
frame_002013.PNG,Sandwiches
frame_002014.PNG,Sandwiches
frame_002015.PNG,unlabeled
frame_002016.PNG,unlabeled
frame_002017.PNG,unlabeled
frame_002018.PNG,unlabeled
frame_002019.PNG,unlabeled
frame_002020.PNG,unlabeled
frame_002021.PNG,Sandwiches
frame_002022.PNG,Sandwiches
frame_002023.PNG,Sandwiches
frame_002024.PNG,Sandwiches
frame_002025.PNG,Sandwiches
frame_002026.PNG,Sandwiches
frame_002027.PNG,Sandwiches
frame_002028.PNG,Sandwiches
frame_002029.PNG,Sandwiches
frame_002030.PNG,Sandwiches
frame_002031.PNG,Sandwiches
frame_002032.PNG,Sandwiches
frame_002033.PNG,Sandwiches
frame_002034.PNG,Sandwiches
frame_002035.PNG,Sandwiches
frame_002036.PNG,Sandwiches
frame_002037.PNG,Sandwiches
frame_002038.PNG,Sandwiches
frame_002039.PNG,Sandwiches
frame_002040.PNG,Sandwiches
frame_002041.PNG,Sandwiches
frame_002042.PNG,Sandwiches
frame_002043.PNG,Sandwiches
frame_002044.PNG,Sandwiches
frame_002045.PNG,Sandwiches
frame_002046.PNG,Sandwiches
frame_002047.PNG,Sandwiches
frame_002048.PNG,Sandwiches
frame_002049.PNG,Sandwiches
frame_002050.PNG,Sandwiches
frame_002051.PNG,Sandwiches
frame_002052.PNG,Sandwiches
frame_002053.PNG,Sandwiches
frame_002054.PNG,Sandwiches
frame_002055.PNG,Sandwiches
frame_002056.PNG,Sandwiches
frame_002057.PNG,Sandwiches
frame_002058.PNG,Sandwiches
frame_002059.PNG,Sandwiches
frame_002060.PNG,Sandwiches
frame_002061.PNG,Sandwiches
frame_002062.PNG,Sandwiches
frame_002063.PNG,Sandwiches
frame_002064.PNG,Sandwiches
frame_002065.PNG,Sandwiches
frame_002066.PNG,Sandwiches
frame_002067.PNG,Sandwiches
frame_002068.PNG,Sandwiches
frame_002069.PNG,Sandwiches
frame_002070.PNG,Sandwiches
frame_002071.PNG,Sandwiches
frame_002072.PNG,Sandwiches
frame_002073.PNG,Sandwiches
frame_002074.PNG,Sandwiches
frame_002075.PNG,Sandwiches
frame_002076.PNG,Sandwiches
frame_002077.PNG,Sandwiches
frame_002078.PNG,Sandwiches
frame_002079.PNG,Sandwiches
frame_002080.PNG,Sandwiches
frame_002081.PNG,Sandwiches
frame_002082.PNG,Sandwiches
frame_002083.PNG,Sandwiches
frame_002084.PNG,Sandwiches
frame_002085.PNG,Sandwiches
frame_002086.PNG,Sandwiches
frame_002087.PNG,Sandwiches
frame_002088.PNG,Sandwiches
frame_002089.PNG,Sandwiches
frame_002090.PNG,Sandwiches
frame_002091.PNG,Sandwiches
frame_002092.PNG,Sandwiches
frame_002093.PNG,Sandwiches
frame_002094.PNG,Sandwiches
frame_002095.PNG,Sandwiches
frame_002096.PNG,Sandwiches
